image,EN,AG,SF,MI_IR,MI_VIS,SSIM_IR,SSIM_VIS,SCD,VIF
00000.png,6.906880881693648,9.7308503572518,24.187150400270266,1.3066471069236587,1.3599253083040692,0.4914753095197947,0.7879765537118111,0.22331808790201446,0.13252275778072475
00011.png,6.835760469636971,9.575024099563535,23.896965309017634,1.272206719767504,1.3082054222918948,0.5021229288642084,0.7872524080573138,0.2848856191316838,0.13634362862677543
00025.png,6.7604619328596245,7.007388504583008,18.807962696270792,1.408200842142843,1.451871348976494,0.5262975012076727,0.8461145880905201,0.7431943758870878,0.13268713736179638
00031.png,6.808855081801279,7.258612352700668,19.94782525064806,1.4758893934448447,1.5979049175669937,0.5166753485346071,0.8394344454228331,0.694727718159167,0.12617302298696176
00033.png,6.818345183239441,9.2485525215513,23.413024475140528,1.2586772499798937,1.3396085190582654,0.5253835329474622,0.7890734298003479,0.3500099480759565,0.14694767290771465
00042.png,6.788023036378822,8.291264002087134,22.405150022908117,1.4214932943928125,1.5824077058891892,0.4780700896236864,0.8357685326381866,0.7005083818163149,0.1110825025593977
00061.png,6.7786769726942415,6.720611433933473,20.172995305192863,1.4989377790512135,1.6797988877222525,0.5230620792769654,0.8772131324742792,0.8174588470361547,0.10400718424333369
00071.png,6.740268846365053,6.308744071529745,19.350581940760293,1.5263441768240844,1.7553063637267021,0.5089977950933209,0.8917789756118482,0.9183231854057631,0.08606054713955631
00082.png,6.802068963335697,8.240194792375137,19.979035044241243,0.8040658269937122,1.508379180435676,0.4730705727601783,0.8287950729863951,0.7164084365516958,0.11204435252284715
00097.png,6.3643820586348925,6.275432315706648,16.662530890046828,0.9619702310205311,1.5273706251659314,0.49171904895107416,0.885652969656302,0.9604375951390247,0.0705512259702344
00107.png,6.8044278905188005,9.05142971911962,21.574744676198076,0.7874776944940491,1.3919549263192548,0.44241379024280364,0.8473623273632991,0.5247736101873147,0.09758635791950329
00112.png,6.849085572049647,9.452507389433705,23.86902354363225,1.0404241829960443,1.5697332086435631,0.38378367397742413,0.8509944637800477,0.6215787393058869,0.07586220605274449
00118.png,6.834415620054186,9.0419815515267,22.88512245230212,1.0789385985987698,1.2645909155433306,0.417879470346243,0.8156751029394472,0.44566648676729825,0.09712681478456668
00147.png,6.904250532594756,8.313092764126038,21.779236815141157,1.1483226650668283,1.7486993456067685,0.4690940454274277,0.8619219182191858,0.6285694309774752,0.10481871208739209
00149.png,6.8352723410194525,8.574902580641213,21.83970542024634,1.2952085310731414,1.4959217403268756,0.49734237440730417,0.8119127257239296,0.230398439562833,0.17740073306681675
00150.png,6.901262185599404,9.262908303100897,22.97470402687593,1.2034064977504946,1.5902899259214622,0.4881150668888733,0.8129565685905839,0.282015060311178,0.1689935764348493
00159.png,6.636829774670784,7.433252176542587,19.091970950622457,1.1354170557746863,1.5263727204369855,0.5074191568578538,0.8091988930490334,0.30438540488018456,0.15723278109525354
00177.png,7.073218004211477,9.333120077739913,22.11416422095071,1.1366927069662849,1.6060472728239554,0.46310176509967377,0.7961623674311537,0.3360059277245527,0.15738180060867812
00196.png,7.171737655734837,14.443979826510539,31.73162390868694,0.9480508353177096,1.699007063948866,0.2607360019746807,0.8624168444531876,0.34978508888818727,0.1038496886886496
00202.png,6.968733002468842,9.748727703173095,24.85203177721859,1.130726165554424,1.7636426871251705,0.4284419178247094,0.8358342138707915,0.5734446276423708,0.1306316513416455
00210.png,6.704817266365201,7.959721879011445,20.966412215170973,1.1875030817456143,1.6026841752475551,0.5074190960700208,0.7870471925620605,0.3186664508051068,0.2235367266919724
00215.png,6.876473559406342,8.757593460931277,22.631657630039683,1.1305667589519597,1.7071632846959945,0.4957725410114879,0.773229236728822,0.23742465595229167,0.23631112912802085
00232.png,6.688897613362706,7.82593580111592,19.977320167590833,1.0135409342800838,1.5805130410495043,0.49399147882876165,0.8307246144975508,0.24851122340786752,0.16264084087344224
00242.png,6.611362513459279,6.046725378517567,17.128460989179477,1.1633301050847902,1.650133454796015,0.5434344495238815,0.8509537439374628,0.5047758459359074,0.16004720080867377
00255.png,6.500340063959899,4.695236201592716,13.329148201937576,1.0779717010450691,2.1517089462749293,0.6618138944750314,0.8815610696053533,0.7615580195542326,0.18940968080351048
00274.png,6.5548497788223825,5.047875492697097,14.216468115754859,1.072019133110042,2.1538720009456465,0.6363233931472304,0.8528394970229319,0.7514219189403091,0.1963680163751568
00284.png,6.515874364042709,4.925635140667781,14.167770465937476,1.117770327975023,2.13156826513556,0.658118633705529,0.8541726793610372,0.7496850530893943,0.19665727457842255
00290.png,6.478607501374315,4.910865076992038,14.05235690841122,1.0578176302056783,2.0713340657665706,0.6499062648201077,0.8539161031628761,0.746307317834412,0.21798920393640345
00306.png,6.479271536558822,4.973784963632084,14.232263428700353,1.1098833854363868,2.0295628044135707,0.649865162060873,0.8484871374597022,0.732845787058605,0.2090734762693194
00320.png,6.658002560565669,6.197777525383393,16.404900387999803,1.187046251605483,1.9814020323479187,0.5791514918167514,0.8541140608058381,0.8323807074436342,0.17933803207147023
00325.png,7.458815220185195,3.004658706738374,7.7265794914214725,4.05905869543828,0.8277144395492165,0.8673730529634431,0.5432757350106513,1.0591426278141525,0.650261648170393
00334.png,7.376329015709846,2.7269516790233803,7.381812863515356,4.200212675359152,1.3002938997851814,0.9375850644176759,0.632287740975146,0.2891483741046291,0.6543402641428177
00339.png,7.150707503251492,3.565991329410952,10.397101724264598,2.5475790949006587,1.015473545926802,0.8369690458025042,0.7491215725316036,0.2881015209707074,0.4758555608177921
00349.png,6.880283397609671,6.147837446906324,17.220143688481834,1.0381881791676992,1.4281071553773526,0.686105213953473,0.7268767299613272,0.9560943583427084,0.24288528291715006
00353.png,6.868855727395011,6.119250574302281,17.1420003816163,1.0229432778386363,1.4350871210756388,0.6821889754236493,0.7280949680149199,0.9620044474369315,0.23964839060411464
00370.png,6.870570055567345,6.194070669210556,16.991400019785093,1.0155292009633667,1.4408391559679068,0.6685186484301964,0.7356265445063103,0.9508525078946662,0.23151162498125893
00385.png,6.871951945659914,5.965584592299549,16.121740721679494,1.089623702953202,1.4035548628786307,0.6897581598855329,0.7202808678629219,0.898490224855378,0.24466874637307287
00386.png,7.099173067444053,6.628964858805007,19.43488925471759,1.7627976642605951,1.2511466964336995,0.7766943800105902,0.7122253396681348,0.1881339708899069,0.4048939021245085
00388.png,7.004301100570689,5.725897662008608,18.32853226462747,1.375980520549205,1.4580001242359955,0.7781380647523498,0.6857302540290008,0.02197633684249345,0.3788044389738528
00389.png,6.983385305889414,5.865422737736693,18.67452989473137,1.6380020643048976,1.3226912291740172,0.7965394682686951,0.6952957159850499,0.18127289526775336,0.4256483546696238
00390.png,6.990419924693927,5.6786871700696,18.509157858539997,2.0128144167770934,1.2381417926190799,0.8206533373130412,0.7154174211576821,0.33994408418647115,0.45755183263838245
00400.png,7.070887557935633,7.553621320121717,21.415353635266673,1.6264520558758844,1.0679575140922504,0.6975288313214612,0.7390335359247218,0.09989548478303656,0.3212174006050669
00405.png,7.0291356508917735,7.578365233805708,22.66203534991904,1.6769880159206876,1.1470463365405144,0.7397783159868802,0.7175649617983698,0.10243310305939335,0.35287430796528124
00409.png,7.021819708507404,6.143848311520375,17.521771733514065,2.051980942739034,1.3538230362956198,0.7739548129967534,0.7462822845565398,0.14288804834988078,0.4000796772541932
00419.png,7.097090321049734,5.509678866817267,15.156942449312284,2.605697747350889,0.9636940996057991,0.7876165909279486,0.7038815600081413,0.3801701706273499,0.3857225596924361
00421.png,6.915945952061028,6.258823436054948,17.456271082981868,1.7323039305009207,1.6533389332898265,0.7177846447501385,0.7732070926380118,0.07189873628667143,0.31887354196978285
00434.png,7.084698912174346,5.8138486039886015,16.126812483635845,1.8706419220079047,1.5459178108714706,0.7664416971461827,0.7468381364352533,0.09035593814682841,0.3974513688609026
00441.png,7.068520772401043,5.153537831277901,15.929933324885392,2.9481540149512924,1.0920663386206002,0.8445213437582485,0.7098866094871253,0.3425760357337919,0.4795042623633354
00443.png,7.230883723508162,6.052397377163325,15.859101194149511,2.840929915930559,0.9617160468902142,0.785438935632139,0.6681373944496888,0.41726959747712633,0.43094705391728977
00449.png,7.084017333856409,4.435459759697786,13.77307388850562,2.979164122597637,1.0942636263316545,0.8776775047114238,0.697457737653764,0.3326726022482229,0.5445523524443037
00453.png,6.623985863023509,5.078062713631588,14.006917933649786,1.8161895002485315,0.9751360406292129,0.7883216640643527,0.7302998406837948,0.2677201719840937,0.416729324077806
00461.png,6.728793320932374,5.203124561243051,15.199206736427618,1.88298902701022,1.188042780059712,0.7722094052461287,0.7364959260978643,0.22144326873972586,0.3954888260132787
00479.png,7.22617767700043,6.438029322902958,17.874560789201585,2.4369499202087295,1.3462099902679818,0.7878268942651179,0.7056609692282058,0.15391573404826953,0.43430534926847936
00489.png,7.109174876304614,5.197224819802633,16.274104953401086,2.6164498510146204,1.1206391921335674,0.8338114212350882,0.735991436043382,0.37599576650767974,0.4532208105756126
00497.png,7.1467762361307114,5.687035571921389,16.83530871369142,2.8446843418316363,1.0137726750177525,0.8230614356958987,0.6992328155191299,0.2963271620087867,0.4787367078179976
00512.png,7.38906456215456,8.951143424816346,23.038702917218302,2.111463279500474,1.8864249997026907,0.6973051559611997,0.5828404584428212,0.006522718701158614,0.35051673421263113
00525.png,7.370613194687042,7.72301517709921,21.41504426123804,2.4293156831162106,1.5369486344993288,0.7346366182487124,0.624660415088963,0.08567119281568802,0.39776616513111385
00527.png,7.460669293279888,8.01392382442348,21.826432428904397,2.2530636931467676,1.625899718399753,0.7171858129389019,0.5638549538049529,0.14580551923001217,0.38572981577663956
00537.png,7.07893532039865,6.6034371707390696,19.978673908744813,2.3605493892564375,1.291524339038488,0.7998204680449124,0.7565718324478712,0.18209302570200603,0.33798410407745194
00555.png,7.008893359375365,6.916228559604059,20.355866226432894,2.231658139749703,1.2023738732388078,0.755510521588256,0.7691030234521585,0.17376365642003844,0.31124876941075313
00572.png,6.9545037835171595,6.168177578256404,18.98854425996751,2.6352762988619816,1.0993706284335438,0.8189172864312685,0.7459014994775851,0.3288795173996366,0.38135660528964543
00587.png,6.891093814535971,3.637142831012828,11.899625524467107,3.331245598384769,0.8219243138523569,0.9065424386235285,0.7091575561106528,0.42879910648249975,0.5180178301960876
00606.png,6.988887480806358,4.28977551570491,13.657249565204353,3.284292010343471,0.79952565471714,0.9137596003668506,0.682801294813033,0.5401317676854538,0.5238604417495472
00621.png,7.105906515618285,4.509559781232682,14.429000235432726,3.4544889511964407,1.0049272194009975,0.9039951385736621,0.6799024668485942,0.43938930292344425,0.5196252841809784
00633.png,7.034475663191434,5.419568836170712,16.747284496006987,2.570203671710821,1.245646949363707,0.8532444749384407,0.7486864877691264,0.2821956428625406,0.4424351293309512
00643.png,7.16161978599479,4.545019551408941,13.575213725613251,3.0263516081470114,0.7194812933510317,0.8802879930462607,0.685073120488781,0.7422194754444057,0.4728314243421371
00652.png,7.022208640691029,3.7106991830402056,11.700841708662523,2.365909231583798,0.9067398519611621,0.8439207213800632,0.7580368557825555,0.42201584556067695,0.3999702049934102
00653.png,6.969360532880435,4.721532907238892,13.447253072508095,2.2939717947231157,1.018372262041237,0.8244589466801938,0.7524417697662008,0.11907945391681152,0.4024051846085316
00661.png,6.478544777348064,4.250250700164363,12.348908546078546,2.7877311977020387,1.2081479227509357,0.8423582687927265,0.7447635498195382,0.4476163833721143,0.4058654552086211
00671.png,6.824649233872244,5.2202681988486255,14.427786712166377,2.103218987244976,1.2885833458258948,0.7800697315356219,0.6689508247727477,0.24076019623247913,0.3672528618590802
00676.png,6.836552999588624,5.093253709079858,14.757204226856024,1.824993178627565,1.3727266094701764,0.7563586481328808,0.6247978067701896,0.1589397164030275,0.3258524988328695
00677.png,7.040703931761214,5.494769452529411,14.715487518824059,1.8860559641053083,1.1819280282420648,0.7780986554523459,0.7195476744422264,0.05461375090813947,0.39046014921920125
00687.png,7.188900399286065,5.419175703598783,14.829566882467223,2.724826472418099,1.0550250225074282,0.8205785227785398,0.7023898701598386,0.18828785092652778,0.4305374393843336
00697.png,7.108969688255762,5.00537513288194,13.856018415242144,2.4655609481368046,1.1907108936975754,0.8107990002954871,0.7567290054915191,0.1269625759696139,0.3785557050933048
00712.png,6.865098831298615,4.692383178016083,12.753046541059566,1.191805093475689,1.9218707713738168,0.6294073143590799,0.8240350562141541,1.2348834653423717,0.20823791188873655
00716.png,6.021267626505261,3.1357630887121677,8.373023435180295,1.2819066042522689,1.126027264889876,0.7549490641266882,0.8077146749620258,1.1532775934401944,0.2908881541502607
00719.png,7.281898509117442,18.347207127980912,33.736285566849816,1.2290841248759918,1.4182531604227853,0.4604155097347578,0.6784134256023162,0.003878926135694405,0.16039627494942632
00725.png,7.324235186745693,18.46502128007272,34.044531373211306,1.2079603907705212,1.3776436064918702,0.46417929824276727,0.6743973562658898,0.03792099579887209,0.16366994924038986
00726.png,7.316357535744421,18.491225956219704,34.13124381756858,1.201167704095306,1.3813159522741862,0.45370780822646384,0.669977523160075,0.04854708998852186,0.157627086565887
00738.png,7.307849272315454,15.40101484849298,30.39165151184856,1.4727977150061844,1.637694784817806,0.4399750406966088,0.7275209410677891,0.39023328739608354,0.17886600265975275
00760.png,7.5639375306113,13.553391579463465,28.40359053481809,1.4227823787578329,1.9385633141310612,0.3094019059454001,0.824975278391514,0.4579973288416822,0.11496536665793843
00762.png,7.5845143642723105,15.355909613342362,31.21078470829984,1.2138974163966587,1.823559239007099,0.2935742266919583,0.8245481080336626,0.4288090175966777,0.11482683918509533
00769.png,7.513965159263814,14.187966369150423,29.303566931799796,1.2870774757697698,1.9113684074417532,0.3010864914326332,0.8315093572414212,0.5535453529357096,0.10727049448604449
00787.png,7.134890123341385,14.42675171844548,29.337097209362224,1.0186775905933345,0.8511569734845478,0.709170868111589,0.381851734572979,0.14366503512299078,0.29699176458833215
00800.png,7.0846664426191746,15.685721507648081,31.6094394699264,1.0691164418148382,0.8929120986674565,0.7149206433799735,0.4037003538685367,0.19359438130425477,0.2803654125028573
00801.png,6.929193025865304,8.924406444516913,18.298175820497605,1.2613465288260572,1.7889111329857192,0.38344029522430517,0.8361355722523661,1.1765788481219128,0.09176751398384064
00805.png,6.93870908702693,8.838182294633269,18.15727476352757,1.30465415694914,1.8176507848324344,0.3914978560465912,0.8290563822727741,1.175423341875256,0.10061025075467288
00818.png,7.059867240136392,9.368323962664366,19.0983674938821,1.3337758930397825,1.8560664800387392,0.38494164077225196,0.8181818309799138,1.169882428488951,0.09937689790668779
00825.png,6.997649833257722,5.193800529458036,14.819363223433024,2.4155884496359037,1.5000324222982337,0.7209550853149581,0.7848357237805046,0.3206477615931809,0.35957166488339937
00826.png,7.013337682782375,5.437563220399686,15.412023015534741,2.328935247939835,1.2611880140122855,0.7100325653615616,0.7724844506444932,0.2985960981081423,0.3316289002660721
00829.png,6.954968406418834,5.010154680952497,14.195901567830392,2.3274653204732623,1.2404516722106516,0.720396189809581,0.7773429769212321,0.2553699355039153,0.32392960664022524
00834.png,7.064195388343815,4.844535495188184,13.56932319103444,2.493705701400864,1.3901488216241056,0.7188705906310334,0.7882262580293548,0.30463395923978565,0.3439329749311369
00857.png,7.036609113239669,3.9295726901336456,11.216129568616795,2.774734357266815,1.711226575440045,0.7114813020231607,0.8075288889232138,0.4153074510479128,0.31009053300343187
00867.png,6.963107767820513,12.011834231812939,24.14152893082058,1.141838155024554,1.243105622762315,0.40408763634282935,0.7820066096808912,0.8095424327911522,0.12291661862567231
00871.png,7.058563286305708,12.572412574697378,25.1551901950671,1.1786703513101833,1.2831164312269643,0.3991779101050781,0.7746279882137833,0.7654473316401456,0.13076941790197255
00878.png,7.15702644990025,12.614800908876749,25.255376417511503,1.2443611390373812,1.3713355072471323,0.4148530036775178,0.7738487887861658,0.7417582629371833,0.14123963004011716
00896.png,6.698080165240397,7.145374713390292,18.58867320295019,0.877716983839055,1.3469655937761629,0.5627397275558829,0.7568785048774896,0.6687603526438992,0.22340522362740148
00910.png,6.8049529336846515,7.796750816926813,19.927070617186885,0.9002030004888212,1.3149732902268663,0.562915226724685,0.7468093029759906,0.6380001011170608,0.21678185112675402
00916.png,6.774114239290127,7.23883265321921,19.024329752951076,0.9111970062974479,1.4376280434682562,0.5839014324043662,0.7594785980733687,0.6749173433194413,0.22462827460458415
00922.png,6.714966952119287,6.691726149677747,18.04521953085267,0.9045981570645977,1.4283436950985982,0.5941614878079106,0.7611446981999846,0.7261258763319686,0.2227033332297515
00926.png,6.746894080279843,7.721555682961728,17.98914943928755,0.8098564399810979,1.2578709373648247,0.5599434312217624,0.7458489908980904,0.7383262947409115,0.18841187464729547
00950.png,6.897057794463051,5.478732076454389,14.787736290854093,0.9688002271283517,1.7575248659561897,0.6422996435577623,0.7669846151597796,0.7575914049265483,0.23161710169078503
00958.png,7.150084430607571,6.661902926604719,16.72648655063075,0.9263924210248342,1.8857305321395916,0.6063789515278367,0.7657645169810022,0.9258073401109389,0.21323805833882575
00965.png,7.029848708722045,6.2524016740058395,15.597137412541004,0.8961295915773688,1.8876666611526298,0.599232922477832,0.7880393733687131,0.9267587500020287,0.19606521766992963
00976.png,6.5237345225279855,5.952927077037288,17.02047273239829,1.9067907916507434,1.4120111789475156,0.6603261279006265,0.7834308945390104,0.3151711916661454,0.22679319620441019
00994.png,6.5408153257769435,6.015007043650405,17.1720576795846,1.8963814455347197,1.4220753020424186,0.647987180874906,0.7955412538299246,0.3490767771716923,0.21808144718105837
01017.png,6.882488735177016,6.668787148177555,17.37571367909368,2.2208693957608556,1.2844647713327537,0.7768633608962391,0.7176232116175486,0.24837264092886147,0.35042706683973435
01034.png,6.296207904487294,5.046491275581802,14.285216202801562,1.7389179058009447,1.414895290263566,0.5537052916011367,0.8785964643078084,0.9233476249479828,0.11544550489447734
01043.png,6.2093324563750025,5.329718940584785,15.177686856330364,1.687815187745612,1.4526752295824612,0.5324174750767566,0.8735878892170116,0.8988110515375145,0.11756509235975426
01079.png,6.832965764200223,5.682009457745911,15.560142352321517,2.075152496178892,1.3171230536788845,0.7303594734570027,0.8124221441674423,0.14075001906590057,0.3158307343742625
01093.png,6.898677375744574,6.889498179906261,17.59446971588895,1.964229203685201,1.1574714257087455,0.7002052305856886,0.7611918512525682,0.09381409380608574,0.2561648065868244
01101.png,6.590124365124673,6.140854933669457,16.037003396556866,1.9362746184517792,1.2055358288861182,0.7086239419119782,0.7815740683803647,0.08287797704560318,0.254360950900212
01115.png,6.407359669579288,4.264435017975418,13.37463921998294,2.483634539703853,1.4163082007050478,0.627339574610049,0.8441094365867012,0.0942070243569354,0.2301659778875679
01122.png,6.628431920918658,4.135922562181393,13.607165878142816,2.74375359111277,1.663128096181563,0.6527803821644621,0.8217771584694401,0.39898795484103766,0.2821003258247159
01136.png,6.5913271437825225,3.584399896550032,12.969566918518193,2.8271208017743827,1.6145809269807743,0.6750021149741027,0.8163586119200434,0.7125678152004659,0.3208787637755378
01147.png,6.4523071725533345,3.3747366843337026,12.181860812008043,2.750968481231559,1.6447858991047661,0.6783496935913875,0.8367046930941807,0.7514484015944198,0.34295932330576645
01156.png,6.152487408123034,2.892258029793543,10.86381834437634,2.516270642820344,1.4869762572709928,0.7187007590228116,0.8649121672823769,0.7416078372675855,0.32533620700454363
01165.png,6.425134716911479,3.227718266036486,12.23239030398473,2.3723890751885786,1.5338189533360995,0.6778717845151967,0.8638541629955949,0.6916530225062193,0.2970657838012256
01186.png,6.874255241602773,8.02340495329949,20.681544222955846,1.3014493533108757,1.45336580478656,0.4934856781110976,0.8227615245880184,0.47849200480273757,0.10986430260992198
01204.png,6.733314093304268,7.535542153105644,21.365353000208756,1.3900561970007317,1.5217034279294153,0.4977284789073543,0.8361729636054926,0.7186851158226748,0.1273957243660896
01212.png,6.581836236381719,6.5398166863591936,17.78670991589937,1.2911798695776537,1.2247927594085766,0.5043533263250859,0.8407507767476111,0.6238442654312004,0.11361977737067118
01223.png,6.8866179606740765,7.842939959178721,20.975491943096397,1.3258829109219041,1.6309694797038574,0.5025442397763908,0.8356085598592465,0.4768951569633074,0.12610414428376743
01227.png,7.365184432556862,6.655009527845295,18.101517919235175,1.9227688207332492,2.225506153262381,0.691196051560248,0.6936123557217299,0.06433086608756877,0.2791001353301494
01242.png,7.172372776454181,4.4072853754870795,12.973297543113581,1.9975633237331238,1.6358872463548553,0.7655166214043679,0.7490621375976502,0.00667004442597896,0.31525993945143765
01249.png,7.198290621904703,3.970006445143923,12.226625232799659,1.8634793803973895,1.5868123811489707,0.6918383188562472,0.6492456107236989,0.06872977033287642,0.3242725766804589
01267.png,6.995595030359517,3.5906454776413086,11.24950502723756,3.5901337078681914,0.8733947476915774,0.9105557974175633,0.5928708244662019,1.036783723442028,0.560962275385115
01270.png,7.232188598230745,6.610673878883996,17.77801486387049,1.3851702620596384,1.6137625584510755,0.6849387329970608,0.7141287338142908,0.0907191752955413,0.2829069512168267
01299.png,7.154525723734905,5.8064715001496054,19.4121493156714,2.302688521190713,1.604352009156805,0.8344167427062494,0.6818996698594804,0.10445588013225737,0.4645577336458775
01301.png,7.348151391495553,22.998899968368384,40.21802922057786,0.7707803613317747,1.365134581143263,0.2862637793966833,0.8499312211176948,0.16785347247341742,0.15534410965121623
01320.png,7.302210057703035,22.30810112383701,38.988178119633076,0.7594843396204883,1.3523755131036221,0.2925392486202548,0.8527331644235162,0.1632081272699909,0.15566206583504355
01331.png,7.36224092947867,22.800813173271592,39.85593176907764,0.7912356567287584,1.417760823052956,0.28428133038717024,0.8448784202209226,0.2355305988356574,0.15523351795991613
01345.png,6.409413719556419,6.320783660855296,16.699154610514938,1.4541782757801929,1.4059026052553238,0.477933055386498,0.8035232636831593,0.9013484063710725,0.19028942479709696
01388.png,6.373345591607835,6.306086658478526,16.483948018584982,1.4130191104717396,1.3033820979230133,0.4782849650815554,0.7952665970221342,0.8266567067499303,0.17141993660922222
01393.png,7.474942739249164,28.05679588063289,52.28334863730891,0.9991003189657726,1.3437342356322646,0.2912332635633453,0.7871853189471559,0.8559941690831444,0.10087690991316761
01406.png,7.430774114741678,27.179739352308292,50.550400131268724,0.9722069668071499,1.3380924421433336,0.2904582502519537,0.7855092787425858,0.8663065101593456,0.09511490238942123
01413.png,7.450478621079256,27.699587259029816,51.59956926571057,0.981822186674381,1.3572144500201402,0.288211192911947,0.792618899257755,0.868828143412835,0.09444135709749002
01415.png,7.463475046234771,27.931384604510573,51.981209044711534,0.9927746551370785,1.3615680423515095,0.28774110012269866,0.7934832931741245,0.8708911384133716,0.0953366496617006
01422.png,7.460168179927868,27.80010496660611,51.74598429171705,0.9994097583992436,1.3373228891401745,0.2945830631466286,0.7802370068872778,0.836518056585615,0.10192325007836771
01432.png,7.338362619813725,22.328778087199822,43.708931179204455,1.0310023060020246,1.3991867051326023,0.4090305908195371,0.7332940775481924,0.6974612507120153,0.14548769791490196
01437.png,7.4341771158036805,20.41074077390927,40.294717350088575,1.0658906926623386,1.1967366589890036,0.499845812007077,0.6727589248007735,0.6071393659232658,0.19780959277457572
01442.png,7.184470816393514,15.741737353879264,30.555873113694464,1.0606563384595296,0.8370810416732829,0.6166107581510208,0.5939402534128527,0.3403776568887754,0.239506977519311
01443.png,7.212310357906778,16.512494421386023,31.05419489913292,1.0427425830037524,0.7341604164337008,0.6207469026844524,0.5480266277165539,0.22147197400384472,0.2517572618868967
01454.png,7.47953985106621,6.352891087455384,16.5358697305312,3.256509150107033,1.209813186077833,0.894342347237157,0.5926570369113769,0.5517819598708121,0.48446748593483313
01462.png,7.521579115988762,6.526455388519829,17.146201720960896,3.263659733714615,1.2218832270135795,0.8437561254456456,0.5443606685804555,0.567992876953241,0.4903778852126418
01471.png,7.433278894111333,6.0883993200466815,15.946774982827757,3.2669992566439454,1.2005442707905407,0.9017389927300735,0.5961600748716774,0.5664257559395112,0.4868266459668563
01482.png,7.464739527580211,6.268516757395515,16.45457018283859,3.2728081613240576,1.2080417424192362,0.9006524130824792,0.59494929965864,0.5509930455646616,0.4901977728779293
01486.png,7.461833041471465,6.303744060478592,16.462028779713563,3.262900161355801,1.2118580362800004,0.8997562875330684,0.5944526957441235,0.5603792931904731,0.4854526094867471
01492.png,7.450838079158119,6.18177063035525,15.866478626182245,3.23526983675173,1.2324237449393962,0.8897980292348284,0.5954486645303747,0.5723752991587443,0.4661480814592151
01494.png,7.50641745740473,24.85659553257436,43.41621198625341,0.958800480716773,1.2685280551966471,0.34424906817502465,0.7303909936664833,0.1273768799241175,0.14704828812354678
01505.png,7.5634377426290005,25.974033305050018,45.190338878361786,1.0030919562819154,1.2540551825010464,0.3636962277165447,0.7380961848663998,0.007587914270880125,0.1594628138982119
01511.png,7.533940014112186,25.256310372334912,43.91545115890529,0.9785327573461204,1.3002113588597108,0.361154952350742,0.7469286596704379,0.036241521247129205,0.15462438379395996
01527.png,7.480849414946344,24.759053980990767,43.02005417563429,0.9741686524420897,1.269411800959333,0.3667463175456594,0.7476672445050943,0.00030700974589192853,0.15686077947458638
01531.png,7.205007830987275,6.553480675860747,15.428752880293873,1.5916558588106717,2.4056383614382315,0.46225853552812723,0.8261456979851676,1.4079123534896691,0.15865075855846272
01547.png,7.167108860059534,6.354153882219134,14.864959949953633,1.590380234442079,2.4030681934257716,0.4613094440263418,0.8260444666880347,1.4241981994759287,0.15279922887123465
01562.png,7.1733803101896685,6.39113378953563,14.992782168659115,1.585481524995167,2.3952023204910047,0.46710542112891457,0.8216359708741394,1.4295073022263032,0.1584872173252872
01579.png,7.175875990078772,6.428932067108887,15.05070575994857,1.5746420073970588,2.39017192688731,0.4689406352350149,0.8228883381491877,1.4363811794327268,0.15223706216959693
01584.png,6.935247311740508,8.38275711446916,20.435023010536995,1.5433741600255144,2.173410645815422,0.3623371450466611,0.8677228330430953,1.1544251842899622,0.092843890140385
01587.png,7.095610787936704,9.378590716728816,22.112818943819825,1.5656424206732549,2.054019508926702,0.3557580534490153,0.8654952337950669,1.1725496503397228,0.086836188815192
01599.png,6.972008991830199,8.597117108536597,20.567818088736892,1.5123446487202057,2.0370305753149696,0.38074609488063027,0.866212980776336,1.123574078960251,0.08880125554118325
01608.png,7.140774214455999,9.986285205471201,23.208842445220288,1.5249736730540953,2.0189600609112794,0.3563928875961409,0.8553638512732404,1.139794540448852,0.08353018315277262
01640.png,7.156952348632535,10.03028743280852,22.805163002241915,1.5439961433799783,2.018000141259426,0.3885607089483216,0.8627002266123711,1.1639869602883468,0.09811544864053462
01659.png,7.184233194314034,10.210912060293168,23.206034160236825,1.5560463451497824,2.012580406834694,0.3758853598321727,0.8619492188989789,1.1571073492277852,0.0948088762822236
01670.png,7.168640521256356,11.910068523755493,25.594946209087414,1.1850939076468918,1.6899479020134789,0.379749446199192,0.8169806545716617,0.813318329531731,0.0985139273339429
01673.png,6.932710017672358,10.63336979094346,23.162366472108054,1.1802674622717388,1.7330058632974257,0.40477135183028745,0.8318534145686691,0.8601033477292246,0.08587307694153841
01707.png,6.977282669505028,11.229002492568881,24.223025792702312,1.12373498204005,1.638979816475377,0.4060683334207897,0.8294001316969687,0.8795098477767619,0.08813992134859278
01710.png,6.574507497797023,10.786987225944028,26.6214397992538,1.3684752665277802,1.4187379092197407,0.4867457884771097,0.7982252157430358,0.43701416059155873,0.16669389194557788
01724.png,6.569696413027381,10.72761526046494,26.448661772551432,1.3730260415668885,1.4156612957799943,0.486087124343352,0.80211358294276,0.4486855602429495,0.16943148303605424
01729.png,6.5592367556858155,10.695677733879801,26.37851564479224,1.3869760841697731,1.4196890890404703,0.48570946006532534,0.8007077690234069,0.4609945395723972,0.17195613609991497
01741.png,6.584984805698969,10.925377910580584,26.96735868482997,1.3933197434420919,1.434409456331936,0.4849933091537922,0.799928423383895,0.46484062658289116,0.17136468323680468
01760.png,6.959946806524492,9.176931030761768,23.324513936364184,1.812647838006301,1.742170316112913,0.5157554215322692,0.7764306711433939,0.7371339370477428,0.18306698260149773
01773.png,6.905985259769305,8.859163040605672,22.589147332422318,1.7879384209671554,1.741277719567591,0.5058894733502575,0.784573754482966,0.8010493718690012,0.17793377226762586
01779.png,6.999184727421098,9.544403471618066,24.42138779810218,1.7939876378556048,1.7616726835187695,0.501005600054256,0.7752336267116365,0.8073841899224805,0.1786818943800864
01783.png,6.999594296555092,9.568122607234198,24.502933810436403,1.7915560895442408,1.770215203213232,0.4998242370507996,0.7762862130201214,0.8173501508968357,0.1792029604506246
01789.png,6.9044862287447355,8.963934212879279,22.97860324536379,1.7707565388246034,1.743523207122243,0.500980137215832,0.7827671087336951,0.8166330369360525,0.1779160703261876
01803.png,6.8123736159604285,6.35608213841697,14.282196170441729,1.3997431771629638,2.3510547610476267,0.5318279832538031,0.863230530146065,1.0273240619881086,0.170943861449843
01806.png,6.768207634588352,6.299413886797023,14.06191011834703,1.400573798855929,2.3462034473468503,0.541800169233234,0.8691713118703938,0.9908094037824396,0.1806497038376241
01807.png,6.7737524276405185,6.179027766282091,13.737362731031075,1.4060913098546008,2.3869559205404127,0.5376226837347108,0.8735498178324714,1.0611872855062503,0.1623367792945356
01811.png,6.773590291640631,6.761235289370441,14.951817016932864,1.3047977334947691,2.3194755031732197,0.5159539246781414,0.8702808902903946,0.8205893238213207,0.16011630159678794
01828.png,6.912185442868425,7.35779204010264,15.955890485224275,1.3142297374583138,2.2264663926942543,0.48566452896771606,0.8014821772444064,0.8867645955094653,0.16476615164868577
01845.png,6.046058644274186,5.506183948151081,15.929428944412855,1.5677046956732994,1.4595702185587724,0.5268271029025887,0.776758148703742,0.5489494653874529,0.24953198715243297
01856.png,6.191382742525122,6.411503973787016,17.916636599381977,1.6552312339715956,1.4718657762256453,0.5353108299251627,0.7572831221306136,0.6851540978025015,0.25205985363375716
01861.png,6.224986522194425,6.6093643755172256,18.349700804314033,1.678473829604353,1.5074631867086605,0.5399654110541018,0.7559305411738215,0.6447916716259718,0.2626179798448673
01867.png,6.400104138805686,4.758719210083329,13.820611361544856,1.9226701236665278,1.621927123953762,0.5264033763953788,0.8212566549119035,0.6791604735922298,0.17208454448011584
01899.png,6.458094779318836,4.89323249898094,14.074138430078753,1.9069081041182816,1.6024874434633578,0.5226796851559365,0.8158781676168653,0.5991989656941674,0.17380906211131386
01911.png,6.466893083920346,4.910522282361757,14.1205501189495,1.897185954160535,1.600270246229632,0.5229714066409356,0.8137479109580609,0.6155144679690104,0.1787130551030881
01912.png,6.773763660945975,5.740762807896594,12.568498592224334,1.6926423273623894,1.7533592994291531,0.7146563411995981,0.8007699779037213,0.5722215244956653,0.2849831523690982
01913.png,6.822890373788826,6.014994286927621,13.143772173020746,1.6396231409499422,1.745480257547526,0.7091584969746064,0.805652872667728,0.40942052878691493,0.27971168606434177
01919.png,6.756511824649023,5.754525456178804,12.392005917597228,1.6152793107033343,1.7318011625466547,0.7068584362321947,0.8178855312560712,0.38125904283925416,0.2737014252166348
01929.png,6.791113020728958,5.9371210538224375,12.762460270530237,1.6142061394247138,1.7393388304486925,0.7106919254851808,0.8069895058108311,0.3452081214115408,0.2795409646108906
01937.png,7.067422325132118,13.74571993832354,28.843648893562307,1.1525480272151536,1.5519831217569604,0.3722153199211988,0.7474136260642271,0.893367714988046,0.12426788428276064
01947.png,7.079688940280768,14.006961448659201,29.271263167592725,1.157680545558664,1.5555571693268697,0.36493971045967405,0.7442670138689254,0.9388083749982175,0.12404225303776335
01954.png,7.058778257381744,14.008040500012019,29.223966387146337,1.1573883328692998,1.537125660822882,0.3681084201313681,0.7430881628023084,0.9117781161752126,0.12625232188536806
01963.png,6.977691416645946,13.366644490575075,27.8909595018937,1.1420241188254034,1.5293364866565282,0.37740425775250674,0.7499318231178924,0.9370863650442368,0.12758551848374622
01977.png,7.101544089550778,13.841336660510681,28.872372503746522,1.1968279055814872,1.7674621833816262,0.26760602273443573,0.8056289530795349,1.2390814890666404,0.07810373380953327
01981.png,6.916833549209071,12.595540314594091,26.184075423046806,1.2019959840710168,1.730111484576791,0.29086988037938866,0.8001871918921504,1.2419094249353373,0.07927471038672287
01985.png,6.667479838782812,8.547512619783044,20.616996367455815,1.4257289338927381,1.891015024182704,0.35516650799423144,0.8531769700190452,1.3733942556070142,0.09716003112661042
01994.png,7.069558887660404,8.876259695492594,24.705984641040583,1.6204890047035847,2.1414516963384376,0.37901969366652305,0.7676460677893363,0.7730823189686342,0.16622454635333195
01996.png,6.99655636222701,8.079440513659039,22.880039691814776,1.6202837007969089,2.144135388170498,0.4039764059703518,0.7649023583293604,0.6828323250846661,0.17014037883564812
02002.png,7.144288763010632,7.110184838071417,21.464961259859173,1.5774374262910718,2.3312960756276704,0.3964982217167724,0.7889517412678614,0.8448687129787884,0.16538206086150642
02011.png,7.102265297212936,6.383864349867457,18.676013749816455,1.5527743225139083,2.294348929521407,0.390781177031708,0.7948750331435389,0.7118234139666023,0.17573566576479246
02033.png,7.037961911829256,7.132570263897315,20.6586560663003,1.503321105865945,2.1416060920577724,0.394688891122637,0.7925570876488951,0.8049508355451894,0.1676958690347933
02045.png,7.1596917477010935,11.801243738661718,30.781017155982074,1.5312660466721426,2.2208165230172994,0.3346809439739991,0.8046298209060387,0.8393536594468702,0.12658900171764864
02073.png,7.1919432867136,12.615488813658219,32.38458768624117,1.4968550914191587,2.1869879590641843,0.33525080248016315,0.8048565747737223,0.8141287430351443,0.11799962764533768
02083.png,7.214229863012596,12.934357913661797,32.9595242527951,1.5048507195868397,2.1640375222778196,0.34119679392904184,0.8035720744263126,0.8192655186194541,0.1200896947006002
02090.png,7.202400053827116,12.991596058727058,32.933476100150976,1.5029551079793744,2.164714035031217,0.33686191369672575,0.8001341240600787,0.8138913927234156,0.11778670671631723
02102.png,7.224990931419322,6.934669076634355,22.565212888882485,1.8234213287702925,2.8227102464497524,0.42477237804862844,0.8036795520580639,1.3159358751132797,0.21654574254351286
02119.png,7.136701720725114,8.132123862816353,24.424447080662407,1.716291255810499,2.608123674663687,0.3946478533940144,0.7604438715314525,1.0594924805623214,0.19662868500909833
02120.png,6.8358927818069875,8.72024450017302,23.228541713214565,1.9041287829231852,2.2698163976803585,0.49554435488980764,0.5885371210860116,1.2413630652417433,0.297275073859745
02142.png,7.490554262754072,9.04981452677403,22.988717727824838,1.7047902218137923,2.187191018549392,0.38090156767547684,0.7210110496791597,0.9195453141605179,0.1469564996717648
02163.png,6.938411433165006,7.835173644512166,20.629997537732834,1.8263825536242997,2.2907352760211497,0.3591101906361442,0.8162649863067343,0.7867834285965685,0.17759404751370322
02180.png,7.176277395778788,11.199849138796159,28.35942984316525,1.6877540993406077,2.4444003189077765,0.31126069056223543,0.8419144104459434,0.8170214121380215,0.14212772721828343
02195.png,6.9197058513078895,10.83541943882475,30.906117971426394,1.8283074846861247,2.4017144402398714,0.37776098800774666,0.819164480716964,0.2814941376036546,0.1848407371014293
02213.png,6.941076869269109,12.06197107226242,32.99926005557831,1.8529965475637906,2.4972214341161263,0.32578512522317205,0.8437277338413327,0.42273357939454864,0.156096570820663
02233.png,6.90879719168228,7.589757716511357,22.831264106719633,1.9536677895937875,2.468081195673249,0.35159913621676153,0.8236952706447002,0.8472399009696132,0.14718795830801829
02236.png,6.827607466155639,8.135306923341796,23.619945446945184,1.9115809773731824,2.3818907122799633,0.35114941667976457,0.8303236173202387,0.5970358411566897,0.15099436553955028
02249.png,7.084195395690377,8.638035326604903,23.68764873976789,1.9052070243969221,2.362402745514072,0.3582464281251482,0.8155665673268285,0.7217987419865278,0.17584213145158545
02278.png,7.0114856460083725,9.738105718582483,26.947588927761384,2.0137449128207887,2.4129389240892896,0.36771636860211215,0.8245954275635886,0.6420823398686153,0.16179639870405868
02296.png,7.03169521875707,10.191741482781756,27.822512242786416,1.88766705051929,2.3129110966172517,0.35991485284620434,0.8075783495308134,0.7467167148956931,0.1523193098857165
02310.png,6.938303241764707,8.2381450915803,25.783776094307303,2.220684535443368,2.618826931692818,0.35908783483186135,0.7869916445429204,0.7593048067211983,0.15120574556966815
02317.png,7.027809769094366,9.607810018367175,27.792551504272634,2.1478298968458467,2.6797985246469045,0.3398713725139775,0.8178708370084345,0.7582744232077858,0.1342569096883229
02322.png,6.9699241826310745,9.497827769965346,26.889803264580483,1.7403181152580272,2.4531992737142425,0.3222078143652272,0.8148175090272601,0.6199726262931842,0.11616570256417781
02337.png,6.548285517025154,6.838947196753338,21.918702493420955,1.7166626765590935,2.253572577372485,0.340297927185356,0.7952283068216639,0.22158352924722083,0.12299016863555458
02352.png,7.081430772718402,6.62456714175328,20.602934944051626,2.2997980693543685,2.523284777943607,0.44148713211088564,0.7704817519615541,0.6048538669230167,0.22135400986535958
02369.png,6.8467560809006445,7.378420060215073,21.76132720032507,1.9230742377663979,2.274726616517031,0.3896883682056583,0.7929389748353771,0.6073128362345938,0.1675414569247998
02394.png,6.656851447300878,5.225292346624061,18.821275882836506,2.122846587821502,2.4851782923894157,0.4473270148929857,0.7538749394020066,0.1784083510293402,0.20284784135849224
02405.png,6.554632096597031,5.108114505330539,15.36394668837201,2.1660215309706214,2.218550527432292,0.46907224694683214,0.8076595949680055,0.4108871626200995,0.17867659272729322
02440.png,6.989447617432443,8.63985164733141,24.438769336674394,1.8440679818064316,2.057603022556844,0.4536841769859414,0.8088974871871888,0.6514149909945225,0.20091473322126174
02450.png,7.02194729898481,8.39795100781639,23.283248614699833,2.0632013980109565,2.3738270588330113,0.39866828366980805,0.8046524373028661,0.6957236295789452,0.17828822174708556
02455.png,6.892274556507307,9.64504301632405,25.91742815380884,2.018260983045204,2.122156354237961,0.4324906631917093,0.7726812060768926,0.11039663022080215,0.16482355631878132
02464.png,6.758149749144819,9.080475277461671,26.656373338909653,2.0250016337678525,2.3686359441665825,0.42208758823897163,0.8246649960163741,0.23470510154623514,0.1771035637836611
02473.png,6.910168643905437,10.44034517489842,29.26336526390339,1.989104737010485,2.523670541483191,0.34850464572431916,0.8456806840957042,0.37188112545440405,0.1290340609152492
02478.png,6.922042839416641,10.248295077123444,27.56052413886252,1.9540355862001957,2.2101397896044706,0.4331363366568848,0.8185550226065347,0.5254412016548475,0.16783957967388613
02486.png,6.985342546597192,8.31463683167094,24.04972349877743,2.0325406538931623,2.615638901487587,0.43176645534851726,0.8675513778253326,0.816885690428368,0.20559406551803228
02495.png,6.773585068718304,7.75022514049963,23.14588914767101,2.034679979944304,2.46538611494479,0.4493672985614613,0.8609328635803487,0.5846852937102311,0.19962180390755802
02522.png,7.191138389192646,9.19399874657617,26.00021740576526,2.1059713514775673,2.570679386361931,0.3732337192842168,0.825127754774302,0.6369972803935735,0.18306351218229952
02527.png,7.4072969218478875,16.768023427486373,39.3034301314534,1.4536469171789925,1.827278289453832,0.4178124668025989,0.6561568933331788,0.3658033618720672,0.1577317598030291
02530.png,7.392550204462354,10.339237872454586,25.315719959806266,1.746263507732915,2.1859388772310493,0.5476543212275742,0.728040158500687,0.18739098972879564,0.18060600424711667
02533.png,6.607351076596594,7.260032047255626,17.268548655621544,0.7629275633811611,1.8767573088740952,0.5373998440548416,0.8091784191363851,0.3600001322970537,0.1498305927982509
02544.png,6.775789711431163,3.521270688720643,12.927347536839692,2.554029018976664,1.3719239419800575,0.8590619119375269,0.8075172428648717,0.08087474819620377,0.42199987413573875
02556.png,6.577584926186065,6.710945195096451,21.20674230327815,2.10582662811748,2.4623102320223094,0.4129187475376206,0.8520911396469678,0.023799021616754956,0.1707157109310845
02572.png,6.473822001701585,5.37459829694615,17.280786058198156,2.0710416005556875,2.5334504822321433,0.4253701259380718,0.8532928031277544,0.057814486261763776,0.19600215938210155
02606.png,6.8624626614942095,6.601879476231351,21.489339154658097,2.138192448935182,2.4616276358561224,0.36844611574604624,0.7963306759661498,0.6784213237746788,0.1900549034011329
02611.png,6.846891736255117,6.8194303369038725,22.138407439246357,2.3118612455484264,2.7189884063677825,0.39490709353943065,0.8176704243113808,0.5261010847285178,0.24295281516468029
02624.png,6.422322852998009,9.055936459552393,25.57891120687923,1.6206934136099,2.335378359234845,0.29411426261775603,0.8019902893057349,1.187720839718335,0.11985054181618901
02641.png,6.684262901789446,12.557232554858544,40.72819434925861,1.5322433977869454,1.4152912168671574,0.6653520614523264,0.7675203177376251,0.2921928967124947,0.3406296782950266
02651.png,6.591549273308811,6.533182638321809,16.508619350740602,1.0156141137097485,2.0202030805653317,0.6576426892690612,0.8154635138966764,0.09895412362109401,0.20087469930037707
02658.png,6.839284966630732,7.331084649046883,18.856447430027018,0.9927914375819162,2.216023588784146,0.6111268777213449,0.7930328888080255,0.500677090814112,0.18570781779029788
02667.png,7.076284844967285,7.094794309683309,17.82401674473705,1.6787696638961174,2.4022861362261185,0.44568093485973137,0.7107463561125981,1.13155479031171,0.22697342098111656
02709.png,7.10499648235345,12.216505139414263,31.481985978912935,1.4111419835946237,2.008635812069671,0.3290825118156043,0.7588247395988182,0.7146369704295061,0.12721243114095993
02720.png,7.110456918056542,10.738513903397468,25.588549218409025,1.5757083310945519,1.9096713568994097,0.4083052918118097,0.7446738480339351,0.9943140613755718,0.12245511266738283
02731.png,7.164054412560311,10.031378923636456,23.84579654504431,1.6925552121551957,1.96035345383528,0.4410862727180364,0.7360467205532754,1.1019281327005526,0.13876142079857312
02739.png,7.021434367310572,13.569858678165447,30.160061160675493,1.2770374418956454,1.4986850034182002,0.37978367319939366,0.6845767661791853,1.0453506575998097,0.13381584149873718
02754.png,7.297042488736492,16.86611933240649,32.67877043858063,1.1544791266160082,1.5299300645396607,0.35693777816256334,0.7257155334600671,0.24037460476128103,0.13964712195561582
02757.png,6.4541629734276835,3.8873231575799942,10.862294668516698,1.3327706999715638,1.1183433847986277,0.7085119890956446,0.8242823873351888,0.0019938167094596393,0.2868358505484591
02762.png,6.80128037083542,6.0974147510673244,16.350592215844156,1.350426335391262,0.7176233011706309,0.6541257481227463,0.7128348385333652,0.3646129783086269,0.288734341815254
02778.png,6.622766589004581,5.070280420282203,14.13335472158944,1.587793703517502,0.8202291962189477,0.6870546290942945,0.7752872647673392,0.39600625110373666,0.3018176398150577
02786.png,6.990957762225659,14.181012770218016,30.440381401239723,1.4482783535188712,1.4970769541235636,0.33404809639900634,0.7380017672583905,1.0671905717654044,0.08033617061883501
02816.png,6.55729025407814,12.304742696236309,27.57836344881084,1.6330956141257431,1.4204880866708847,0.3949511562880055,0.6929117695252579,0.9469124246191347,0.13374024230848572
02821.png,6.48255820985918,10.962899512630633,25.55597140850555,1.6175687444737443,1.4722442446736301,0.4126208330922271,0.7268684200305066,1.1239273389353053,0.13259140269685002
02846.png,7.357200164745876,14.99051784437435,32.1928367458523,1.4270855666248679,1.9040451815905701,0.28646466577475294,0.8102507529131016,1.004264231407126,0.0851155627200039
02860.png,7.101318545731547,18.278437796566454,36.9086745957731,1.2510646911358436,1.3256236744879701,0.3514874099386082,0.7524533721483675,0.7073630977958953,0.09732158879962531
02869.png,6.9031243621110825,14.320314147171938,30.566381725503852,1.207335478361637,1.4386812570693601,0.3294200636372493,0.7409259478797249,0.9228580125580047,0.07205770601122649
02896.png,7.3040846756310955,16.104543017592324,32.826760906578144,1.1087137654314057,1.1070291566016366,0.4894673870825011,0.6382836139126375,0.06046065796836397,0.2051579409217553
02956.png,7.186848871254451,16.186843816159122,37.8028155642319,1.6372474088703957,1.9312921458773644,0.3136925023881816,0.7892762974676811,0.4911979054879409,0.11178710024111656
03019.png,6.955182050194398,10.65237835104707,25.56836639862073,1.5326529379529055,1.8321695568792624,0.48962991773077574,0.7354674651936369,0.7226109131270805,0.1517109836844379
03045.png,6.527040824999273,11.571803068412763,26.163490444327035,1.62495348929199,1.5050501112488894,0.41011394430988085,0.6990769222359309,0.9285966824436768,0.11139011175214893
03100.png,7.219404705802733,9.769497333680219,27.317306190847404,1.7951909383677638,2.3897549592655745,0.3460068599334693,0.8380387770353928,1.0197500811744178,0.13128282117174447
03109.png,6.996762063613161,7.429828601221279,20.102175051203183,1.8796058728316567,2.3166394306213745,0.38540964659049104,0.8174826011248683,0.7327393860399073,0.1653341756280936
03143.png,7.046474123689745,7.666482090081734,20.16967889410182,1.892785369856473,2.280516632415819,0.3904029152022423,0.8096255158901278,0.7481246058091293,0.16290951146237048
03173.png,7.092721257258577,10.548084859492334,27.32261949652633,2.0032945225354375,2.1854943042871504,0.3427105672995318,0.8386577686361587,0.7057556786054482,0.11914469669681814
03219.png,7.196189356704655,8.615549177956034,24.34717334471193,1.587111670429732,2.353753399560346,0.3419356112031127,0.7722456094797491,0.982243179640077,0.12992999465304803
03260.png,6.95784506231194,10.084775296435103,26.474407268078327,1.681915768118106,1.934021365179993,0.35087874728182106,0.7693726997681828,0.5745870676396733,0.12359925188232435
03281.png,7.148696308044443,14.24514656423466,33.31983925700641,1.4082945235217377,1.7843166809976014,0.2860175278768839,0.762530831140558,0.6878450792553723,0.09553083511708355
03289.png,6.98076650812177,16.033400068970774,36.954277940290424,1.6248378535750847,1.8787194320478042,0.3107213751220726,0.7877697058592971,0.4036142122073726,0.13543880701370944
03354.png,7.296400306288181,16.122365115982802,35.18173711210818,1.689641385830592,2.054980672544278,0.3545828345481293,0.7868507152088561,0.5541755984688111,0.13541945312234735
03375.png,7.195983947536511,16.418057730788064,35.513567122367505,1.4851175607784037,1.8422189126671527,0.31564944158578984,0.7714325981941339,0.7071235927538593,0.11698771066906145
03381.png,7.18378461031771,13.901156369073682,33.813450251226314,1.6576487212025828,2.1068824772171526,0.2736862928479775,0.8241099104409301,0.786707855108486,0.09466698383075439
03409.png,7.067537281429953,11.069381497907433,28.900825603920648,1.6613237562322172,2.271336248497278,0.3512422701852697,0.7901170190569344,0.7905541866865191,0.13905308261094004
03417.png,6.946948296632325,16.112136893457798,37.98284188384973,1.6222152902575802,1.7155112191431487,0.32715319242172264,0.7401109189849387,0.7025801599453527,0.12535760725091633
03433.png,7.1397945364952955,10.01371393404036,27.20650029107447,1.6039840275684747,1.9782639160648179,0.36426269416999923,0.7867175869736406,0.7699736195786329,0.11382916453577455
03438.png,7.143542350873004,11.913108480309756,29.248869542006133,1.5573767111407784,1.925903369142515,0.3410882578634467,0.7279682275901874,0.8468115758413017,0.11357175677762531
03462.png,7.226090418273082,15.508844021628825,36.97891038298377,1.4228331961030753,1.9090761172832957,0.2571610822722344,0.7942411955331061,0.797620001015992,0.07911479976123563
03473.png,7.018016704331453,14.142385437183608,31.262473490984522,1.1396583448574693,1.2592720779420814,0.456240260213841,0.6848991745886807,0.4878411495194147,0.17522699908170714
03575.png,7.057237914086182,13.682492028403864,33.41442808562217,1.4630320931347067,2.014364211056515,0.29683616783020367,0.7742610402312157,0.7023215654588504,0.11575348689966694
03589.png,7.219951494676476,9.519507541092409,25.449409759517863,1.388003889931435,2.3667603081721964,0.345136134483083,0.7745764656878784,0.7727195650245281,0.1484734683519236
03600.png,7.321792299111049,14.407449071931039,32.769308641593874,1.5003080026081885,2.0716169786477017,0.3144705421255082,0.7209913684372626,1.1809821102513616,0.10377061838915325
03640.png,7.256164929677054,16.9476841094619,37.51440470888169,1.4168823402295416,1.8099693244127508,0.23928031930619917,0.7955595399451905,0.837418143385816,0.06903299732437031
03708.png,7.327008425822985,14.064274504070637,31.29877737346188,1.5579885541383987,1.7850270323651207,0.39298737541052925,0.7063173873176405,0.8239917792122513,0.1472757510829883
03719.png,7.349209676707739,12.67506196886412,28.60678068829206,1.559906413607137,1.9203314356515004,0.39651734345072637,0.6915089200520228,0.9388294815378819,0.1482865773747509
03769.png,7.314584873762216,15.212416120654414,35.400199098324016,1.412449371464723,1.4452923249823468,0.4825208201980024,0.6703150902420624,0.24698721092834586,0.17116163746621732
03813.png,7.1287378474590914,13.860756601196682,32.91820764573677,1.004438280926005,1.6649077940832964,0.40139029217302546,0.7262564434405908,0.22818061665009082,0.1389078275096978
03836.png,7.0716915052755525,10.433750517522334,26.926804266199063,1.6219919161341383,1.6716370267859488,0.4624502912631653,0.7291402698383758,0.4477032605206871,0.17623210012768847
03878.png,7.190813819563315,8.3074866402447,22.297449886614352,2.9563619115328956,0.8972590207433964,0.8724438918862638,0.47548067775467434,0.7578075554347233,0.5384639672543299
03989.png,6.6569802595549215,9.18251456677067,23.32258757726122,2.5519813226706614,0.7821102165754066,0.8708989538151682,0.4627118399222743,0.6902683392961755,0.541174997387214
04006.png,6.834648594412673,7.0293743460225615,17.139049804066577,2.5115246583143263,0.818343039641064,0.8273913918555591,0.5596012246037184,0.7768571552047939,0.42192398493039907
04018.png,7.334662837297396,5.528688604036432,14.264118392996174,3.812456269257112,0.8598136612153436,0.9226718779508882,0.3964461804921234,1.451530486284791,0.6881416852080796
04026.png,7.299417717380054,5.623287361152272,14.260111006979312,3.7023668372634058,0.7845476916466029,0.917524686817863,0.3816208941498292,1.397870529265252,0.6760204397046723
04053.png,6.897520575939349,8.336746517965013,21.8065237753904,2.0833465063895504,0.936165860904099,0.8402411615998018,0.5535619584272976,0.7271206000848852,0.5147406180826298
04092.png,6.93288750585735,8.662229578008597,21.832067814318908,2.277808587567561,0.8008668194801014,0.8490256027722218,0.5138287212682268,0.7229931851075804,0.5059977270436639
04160.png,6.842050203929433,9.84866431752067,26.405692867425834,1.4870101653788939,1.7776896482602074,0.43005516398856103,0.7953124487947919,0.9302704456989477,0.07736376114726655
